Код,RegionName,ВёскаЗапісу,Широта,Долгота
1,Витебская,Александровский,54.7616,29.747
2,Гродненская,Алексичи ,53.2624,24.918
3,Гомельская,Бабичи ,52.2887,30.0013
5,Гродненская,Баратин ,53.6067,26.0400
6,Гомельская,Барбаров ,51.9005,29.4736
7,Витебская,Батуколово ,55.0736,29.0432
8,Брестская,Бездеж ,52.3222,25.3155
9,Могилевская,Белая Дуброва ,53.2463,31.9746
10,Витебская,Белевичи ,55.0985,27.470
12,Брестская,Бельск ,52.0085,24.4179
13,Брестская,Бережное ,51.9884,26.9918
15,Могилевская,Березуйки ,53.8864,31.7403
16,Витебская,Берестни ,54.9939,29.4226
17,Гомельская,Беседь ,52.6369,31.1988
18,Минская,Бобр ,54.3174,29.259
19,Витебская,Богушевск ,54.8477,30.2094
22,Могилевская,Борисовщина ,52.9786,28.7302
23,Брестская,Борки ,51.8813,26.2871
24,Минская,Борки ,53.617600,28.006600
25,Могилевская,Боровая ,53.5476,31.6628
27,Витебская,Боровцы ,54.66741,29.39174
29,Витебская,Бояры ,54.9491,29.3003
30,Гомельская,Бронная ,52.5034,28.0067
32,Витебская,Будянка,55.39648,30.76221
34,Минская,Бычин ,53.5928,28.93
35,Витебская,Бычково,55.2753,27.5033
36,Брестская,Валище ,52.3982,25.9429
37,Минская,Ванковщина ,53.739,27.7646
38,Витебская,Васевичи ,55.1064,27.1432
39,Гомельская,Ващанки ,53.2119,30.7725
40,Витебская,Вежовка ,54.9162,29.2455
41,Гомельская,Великий Бор ,52.0328,29.9325
42,Минская,Великий Рожан ,52.765765,27.118539
43,Брестская,Великое Село ,52.6312,24.3204
44,Витебская,Великое Село ,55.094100,"30.590000,"
45,Брестская,Велута ,52.4592,26.7929
46,Могилевская,Веприн ,53.5492,31.5244
47,Гомельская,Вербовичи,51.7146,29.5076
48,Гомельская,Верхние Жары ,51.3396,30.5869
49,Брестская,Теребежов Верхний,51.832182,26.725805
50,Витебская,Верховье ,55.19,30.21
51,Витебская,Ветахмо ,54.8218,27.6379
52,Брестская,Вешня ,51.9092,26.2611
53,Витебская,Вировля ,55.6448,29.8651
54,Брестская,Вичин ,52.2748,26.9265
55,Витебская,Вишковичи ,54.8471,29.267
56,Брестская,Власовцы ,51.9823,25.466
57,Гродненская,Войневичи ,53.2656,25.3795
58,Минская,Волка ,53.6605,26.9765
59,Минская,Волковщина ,54.0297,27.0544
60,Брестская,Воловель ,52.1361,24.9663
61,Минская,Володьки ,53.5721,27.4605
62,Гомельская,Волчья Гора ,52.3028,30.3599
63,Брестская,Воля ,52.6643,25.326
65,Гродненская,Воронча ,53.4167,26.0606
66,Брестская,Вуйвичи ,52.0495,26.5042
67,Брестская,Вулька Попинская ,52.1177,25.1179
68,Минская,Выдрица ,54.1791,29.0495
69,Гомельская,Вышелов ,52.0934,28.33
70,Гомельская,Гадиловичи ,53.0768,30.2708
72,Минская,Гарутишки ,53.7649,27.0813
73,Гродненская,Гирдовка ,53.7044,25.7819
74,Минская,Гливин ,54.1603,28.6061
75,Минская,Глинное ,54.4533,26.9021
76,Витебская,Глубокое ,55.13744,27.687011
77,Брестская,Глубокое ,52.3245,24.0853
78,Могилевская,Глуск г.,52.89859,28.687052
80,Брестская,Гнилец ,52.3109,25.1798
81,Брестская,Гончары ,52.9627,26.3082
83,Брестская,Городная ,51.8705,26.4944
84,Гомельская,Головки ,52.2333,29.966
85,Гомельская,Голубица ,52.1074,28.294
86,Витебская,Голубчики,55.251000,27.609800
87,Гродненская,Голынка ,53.2124,25.0397
88,Минская,Горбаты ,53.5462,27.4574
90,Брестская,Городище ,52.1646,26.2736
91,Минская,Городно Большое,54.174033,29.01606
92,Минская,Городно Малое,54.157212,28.985822
93,Брестская,Гортоль ,52.5019,25.9093
94,Минская,Гоцк ,52.526,27.1293
95,Гомельская,Грабовка ,52.189,31.1398
96,Минская,Грицевичи ,52.9825,26.7174
98,Витебская,Грудиново ,55.3534,29.2216
100,Брестская,Гута ,52.8803,25.9093
101,Витебская,Гущино ,55.1159,30.8365
102,Гомельская,Даниловка,52.8101,29.2374
103,Брестская,Дворец,52.2788,26.9578
104,Минская,Дворище ,53.1092,27.7752
105,Гродненская,Деречин ,53.247,24.9172
106,Брестская,Доброславка ,52.403007,26.238101
107,Гомельская,Довск ,53.1614,30.4598
109,Минская,Должани ,54.76066,27.10267
110,Витебская,Должица ,54.8269,29.1057
111,Витебская,Домжерицы ,54.742,28.3208
112,Брестская,Достоево ,52.2394,25.666
113,Витебская,Дрисвяты ,55.59,26.6837
114,Минская,Дричин ,53.57192,27.97550
115,Брестская,Дружиловичи ,52.2403,25.5582
116,Витебская,Дрюково ,55.1382,30.4154
117,Брестская,Дубины ,52.118,24.6968
118,Минская,Дубное ,53.0136,28.3569
119,Гомельская,Дуброва ,51.7837,28.2189
120,Гомельская,Дубровица ,52.0492,30.103
121,Витебская,Дубровка ,55.3551,26.9345
122,Гомельская,Дубровка ,52.1771,31.5475
124,Могилевская,Дымово ,54.2991,30.0617
125,Гомельская,Дяковичи,52.45,28.0192
126,Могилевская,Еловец ,53.4484,32.6514
127,Витебская,Ельня ,55.6449,26.9548
128,Брестская,Емельяновичи ,53.3502,25.8246
129,Брестская,Емельяновка ,53.0282,25.9307
130,Минская,Ерши ,53.3771,27.0142
131,Брестская,Жабчицы ,52.1272,25.9773
132,Гомельская,Жаховичи ,52.1117,28.9534
133,Брестская,Жиличи ,52.4015,23.7311
134,Гомельская,Жмуровка ,52.33543,30.45676
135,Брестская,Жолкино ,51.9032,26.3311
136,Гомельская,Журавичи ,53.2477,30.5426
138,Минская,Заберье,54.0707,28.8517
139,Брестская,Заберье ,52.8168,25.9736
140,Могилевская,Заболотье ,54.0877,29.9358
141,Брестская,Заболотье ,51.9075,24.3125
142,Минская,Заболотье ,54.1693,29.3071
143,Витебская,Заболотье ,55.07796,30.50951
144,Брестская,Заболотье ,53.1807,25.8347
145,Минская,Забродье ,54.5447,26.7298
146,Витебская,Завадино ,55.1139,29.0343
147,Брестская,Завидчицы ,52.057,26.0563
149,Витебская,Загорцы ,55.07066,28.99664
150,Брестская,Загорье ,52.5637,24.6192
151,Могилевская,Загорянки,54.226211,29.942223
152,Минская,Заградье ,52.9725,27.7608
153,Минская,Задворье ,52.93007,27.34102
155,Минская,Заельня ,52.9727,26.657
156,Минская,Заколюжье ,54.35372,28.06535
158,Минская,Залозье ,52.7515,27.277
159,Витебская,Замостье ,54.8780205,28.4922566
160,Минская,Замостье,53.2066,27.5993
161,Гомельская,Замошье ,51.9759,28.4044
162,Витебская,Замошье ,55.0624,30.8705
163,Витебская,Замошье ,55.06961,28.94575
164,Брестская,Замшаны ,51.837,24.0859
165,Витебская,Заозерье ,55.3322,28.7501
166,Витебская,Заозерье ,54.9925,28.6531
167,Минская,Заостровечье ,52.9015,26.7714
168,Витебская,Запрудье ,54.1741,29.9292
169,Витебская,Зарачье ,55.6418,26.9354
170,Брестская,Заречка ,52.05,25.1211
171,Брестская,Засимы,52.3419,24.4571
173,Гомельская,Заспа,52.2581,30.4995
174,Витебская,Захарово ,55.3685,29.2583
175,Минская,Зеленая Дуброва ,53.1648,28.2704
177,Минская,Знамя ,53.046,27.3648
178,Гомельская,Золотуха ,52.3246,29.7781
179,Гродненская,Ивье ,53.931233,25.774175
180,Минская,Ижа ,54.66,26.7713
181,Витебская,Иконка ,54.89302,28.97232
182,Брестская,Именин,52.2380,24.9100
183,Минская,Казаки ,53.967816,27.146927
184,Минская,Каменка ,53.1677,27.2271
185,Гомельская,Камень ,52.0063,28.6956
186,Витебская,Камоски ,55.03807,29.38654
187,Витебская,Караевичи ,54.9175,28.989
188,Витебская,Карповичи ,54.9355,29.8129
189,Могилевская,Карповичи ,52.9841,28.8241
190,Минская,Карцевичи ,53.1921,26.6102
191,Витебская,Кветча ,54.6958,28.3115
192,Витебская,Кисели ,55.6206,28.02664
193,Витебская,Кищуровщина ,54.8143475,29.4778532
194,Витебская,Климяты ,55.48396,28.19281
196,Минская,Клубыничи ,54.5577,29.4284
197,Брестская,Ковали ,52.8803,25.0185
198,Брестская,Ковалики ,52.3678,23.3461
199,Брестская,Ковнятин ,52.3336,26.0403
200,Минская,Ковшово ,53.8739,27.0635
201,Витебская,Козловщина ,55.1907,27.3582
202,Витебская,Коковчино ,54.6855,30.0831
203,Минская,Колки ,52.8333,26.9237
204,Брестская,Колонск ,52.461,25.7792
205,Гомельская,Комаровичи ,52.4592,28.4631
206,Витебская,Комары ,55.15507,30.04422
207,Минская,Комлевщина ,52.934,26.8079
208,Витебская,Константиново ,55.122400,27.505400
210,Витебская,Коптевичи ,54.8813,29.1618
211,Витебская,Корабы 2-е,55.11573,27.542369
212,Витебская,Коровка ,55.3921,30.6052
213,Витебская,Королевичи ,54.8467,29.6716
214,Минская,Косеничи ,54.5907,29.4508
215,Могилевская,Костюковичи ,53.346591,32.04641
216,Гомельская,Костюковичи ,52.1087,29.0171
217,Гродненская,Котчино ,53.2775,24.9428
218,Гомельская,Кочище ,51.74251,28.92469
219,Гомельская,Кошара ,53.0904,29.8267
221,Витебская,Крайцы ,54.6698,28.2729
222,Витебская,Крапивно ,54.5155,30.5914
223,Витебская,Красники ,54.6777,27.9455
225,Минская,Красное ,54.09073,28.59482
227,Витебская,Красыни ,55.2399,30.8912
228,Брестская,Кривляны ,52.2858,24.0724
229,Минская,Криница ,53.2837,27.1868
230,Минская,Круглица,54.454,29.0428
231,Минская,Крупица ,53.6804,27.5345
232,Гомельская,Крюки ,51.5168,30.2692
235,Минская,Лавница ,54.0705,28.8762
236,Витебская,Лавишки ,55.11789,27.42531
237,Брестская,Ладорож ,51.8958,26.1796
238,Брестская,Ланская ,51.6941,23.9438
239,Минская,Лань ,53.1481,26.6868
240,Витебская,Лапуты ,54.9084,27.7662
241,Брестская,Ласицк ,51.9301,26.2907
243,Гомельская,Лесовая Буда ,53.0379,30.5698
244,Минская,Лесуны ,53.0148,27.654
245,Минская,Лешница ,53.7268,27.7632
246,Витебская,Лещилово ,55.7019,28.1236
247,Могилевская,Лидино ,54.285,30.0585
248,Витебская,Лиозно ,55.020858,30.803761
250,Гомельская,Липово ,52.3605743,29.5691129
251,Витебская,Лобачево ,55.0271,29.4426
252,Гродненская,Лобзово ,53.265,24.9806
253,Могилевская,Лобковичи ,53.8288,31.7514
254,Брестская,Лосичи ,52.0203,26.221
255,Брестская,Лука ,51.9021,26.6139
256,Брестская,Луково ,51.8864,24.2298
257,Минская,Лысовщина ,53.7446,27.754
260,Минская,Любань ,52.797008,27.997918
261,Брестская,Любонь ,52.23962,27.14098
264,Гродненская,Ляховичи ,53.8427,25.81083
265,Брестская,Ляховичи ,52.05964,25.12721
266,Минская,Ляховка ,54.2914,28.2964
267,Брестская,Ляховцы ,51.8003,24.1984
268,Гомельская,Мадора ,53.1409,30.185
269,Минская,Макавчицы ,53.69507,27.11108
270,Брестская,Малая Своротва ,53.361345,25.696533
271,Брестская,Малечь,52.4829887,24.7016817
272,Могилевская,Малиновка ,53.765300,31.467400
273,Гомельская,Малые Автюки ,52.14139,29.521173
274,Гомельская,Махновичи ,51.8799,28.7977
276,Брестская,Орлы Малые,52.0406,27.03984
277,Витебская,Маняково ,55.5336,28.2361
278,Брестская,Марциново ,52.09442,24.89039
279,Минская,Марьина Горка,53.5005,28.1504
280,Минская,Маяк ,53.1241,27.4586
281,Минская,Междуречье ,53.57646,28.32215
283,Минская,Микуличи ,53.6298,27.0909
284,Гродненская,Милошевичи ,53.2661,25.3267
285,Витебская,Мишкуры ,55.243411,30.274158
286,Брестская,Могилица ,52.77574,25.5984
287,Брестская,Можейки ,52.283,24.0496
288,Брестская,Мокрое ,52.6533,24.4177
289,Брестская,Молотковичи ,52.1196,25.9207
291,Минская,Морочь ,52.8753,26.8685
292,Брестская,Мотоль ,52.313206,25.5962896
293,Брестская,Мурава ,52.6411,24.2209
294,Могилевская,Мыслотино ,52.9213,28.6236
295,Витебская,Мяклово ,55.0575,30.266
297,Минская,Нагорное ,52.9642,26.7618
298,Витебская,Невгодово ,54.8046,29.0899
299,Гомельская,Неглюбка ,52.765776,31.52447
302,Витебская,Немойта ,54.7456,29.7718
303,Витебская,Нестеровщина ,54.9557,28.0091
305,Брестская,Нивки ,52.4712,25.1612
306,Брестская,Николаево ,52.3973,23.7594
308,Минская,Новая Родина ,53.67267,27.45106
310,Брестская,Новоселки ,52.025740,24.351599
311,Витебская,Новоселки ,55.01499,26.53590
312,Гродненская,Новый Двор ,53.811,24.5553
313,Гомельская,Нудичи ,51.7215,30.1946
314,Витебская,Оболь ,55.3528,29.2996
315,Брестская,Оброво ,52.5101,25.5612
316,Брестская,Одрижин ,51.9693,25.4585
317,Брестская,Оздамичи ,52.0205,27.4835
318,Витебская,Озеравцы ,55.6017,27.1249
319,Минская,Озерище ,53.9350949,27.7245785
320,Гомельская,Октябрь ,52.6745,30.8194
321,Брестская,Олишевичи ,52.5565,24.5497
323,Витебская,Ольшанка ,55.76368,26.97865
325,Брестская,Онисковичи ,52.1255,24.7147
326,Брестская,Ополь ,52.3242,25.4406
327,Витебская,Ореховск ,54.6832,30.4982
329,Брестская,Осиповичи ,52.138,24.813
330,Брестская,Осовая ,52.027,26.7487
331,Витебская,Остевичи ,55.5455,28.21
332,Брестская,Остров ,51.916,26.2192
333,Витебская,Островляне ,55.39782,27.41784
335,Минская,Отрадное ,52.7151,27.7838
337,Гродненская,Павлово ,53.2631,25.2869
338,Минская,Пальчик ,53.6545,28.4236
339,Витебская,Панкры ,55.8373,29.9546
341,Могилевская,Папоротка ,53.7535,32.1977
342,Брестская,Парохонск ,52.227,26.4496
343,Гродненская,Пележин ,53.2468516,24.9616404
344,Брестская,Первомайск ,52.1973,24.8134
346,Минская,Перевоз ,53.5581,28.9488
348,Брестская,Перехрестье ,53.022,26.398
349,Минская,Песочное ,53.3353,27.1046
350,Гомельская,Пирки ,51.5538,30.3778
352,Витебская,Плиссы ,55.06708,29.91577
353,Минская,Плоское ,53.5492,27.1814
354,Витебская,Плюсы ,55.8142,27.0439
355,Минская,Плябань ,54.2293,27.0988
357,Гродненская,Подболотье ,53.245,24.7509
358,Минская,Подлесье ,53.3848,26.5362
359,Витебская,Подъельцы ,55.6079,27.6285
360,Минская,Покрашево ,53.1816,27.5604
361,Гродненская,Полужье ,53.5341,26.1328
362,Могилевская,Поляниновичи ,53.3764,30.5215
364,Брестская,Попина Новая,52.1162324,25.1172824
366,Витебская,Поречье ,55.43321,30.73886
367,Минская,Потейки ,53.1796,26.9559
368,Витебская,Почаевичи ,54.7957,29.1426
369,Брестская,Почапово ,53.3664,25.8245
370,Брестская,Почепово ,52.1483,26.2051
371,Витебская,Придворье ,54.8077,29.167
372,Гомельская,Присно ,52.6688,30.9794
373,Минская,Прудины ,54.4263,29.3174
375,Минская,Путчино ,53.7971,27.0271
376,Витебская,Пуховичи ,55.4519,30.7176
377,Витебская,Пышно ,54.9583,28.4859
378,Брестская,Радостово ,51.963881,24.939289
379,Брестская,Радчицк ,51.9553,26.5652
380,Витебская,Райцы ,54.4193,29.6607
381,Минская,Раков ,53.9647,27.0473
382,Витебская,Рассалом ,55.45186,29.33461
383,Минская,Рассвет ,52.8294,27.2518
384,Витебская,Рекуны ,55.632,27.9697
385,Гомельская,Речица ,52.3805,30.4114
387,Брестская,Ровбицк ,52.665269,24.081641
388,Могилевская,Рожки ,54.2901,29.7558
390,Витебская,Ромашково ,54.516,30.0446
391,Витебская,Рубежница ,54.9745,29.742
392,Гомельская,Рудня ,52.6441,29.6771
394,Минская,Русаки ,54.4382,27.8542
397,Гомельская,Ручаёвка ,51.8802,30.5091
398,Минская,Рябиновка ,53.4669,27.6477
400,Витебская,Савищино ,54.4971,30.6092
401,Витебская,Савченки ,54.9738,30.1883
402,Минская,Садовщина ,53.8016,26.9827
403,Витебская,Сачивки ,55.4998,28.1713
404,Брестская,Сварынь ,51.9745,25.0623
406,Гомельская,Светлогорск ,52.63457,29.733733
407,Гомельская,Светоч ,52.60597,29.90762
408,Гродненская,Свислочь ,53.033152,24.097793
409,Витебская,Свило 2-е ,55.162263,27.950433
410,Витебская,Свяда ,54.79145,28.6947
411,Витебская,Свядица ,54.7901,28.6958
412,Минская,Селище ,53.0024,27.4013
413,Минская,Сельцо ,52.82784,27.61806
414,Витебская,Семенец ,55.1392,27.2018
416,Витебская,Ситники ,54.8648,28.6015
417,Минская,Скабин ,53.1468,27.1396
418,Минская,Скирмонтово ,53.848333,27.065278
419,Витебская,Слобода ,55.39243,30.72195
420,Витебская,Слобода ,54.7626,28.6614
421,Витебская,Слудоши ,55.2859,29.1014
422,Минская,Смоличи ,52.8639,27.0279
423,Брестская,Смоляны ,52.5522,24.5774
424,Витебская,Смородина ,55.08004,30.66362
425,Витебская,Сосновцы,55.403885,27.374721
427,Брестская,Спорово ,52.4272,25.3158
429,Могилевская,Стайки ,53.7088,30.2707
432,Витебская,Староселье ,55.09068,30.63984
433,Минская,Старые Исаевичи ,53.016944,28.375833
435,Витебская,Стасево ,55.0913,30.6407
436,Брестская,Стахово ,52.0787,26.7139
437,Гомельская,Стодоличи ,51.7304,28.4887
438,Гомельская,Столбун ,52.7939,31.4025
439,Витебская,Столбуны ,54.5953,30.317
441,Витебская,Стринадки ,55.1499,27.9094
442,Брестская,Стытычево ,52.0626,26.133
445,Витебская,Супорница ,55.6331,28.005
446,Витебская,Суша ,55.0837,29.0176
447,Витебская,Двор-Суша ,55.088889,29.0325
448,Минская,Сырмеж,54.784,26.5904
449,Гомельская,Сырск ,53.1385,30.7758
450,Могилевская,Сычково ,53.2007,29.1089
451,Минская,Таковщина ,54.2835,28.0898
452,Минская,Танежицы ,52.9066,27.3096
453,Витебская,Тарасенки ,55.4385,30.7115
454,Гомельская,Тарканы ,52.3114,29.3939
455,Брестская,Тевли ,52.3378,24.2439
456,Минская,Теляково ,53.5179,27.3925
458,Могилевская,Темный Лес ,54.0989,31.2343
459,Брестская,Теребличи ,52.0165,27.4409
460,Могилевская,Тереховка ,53.3342,30.9006
461,Витебская,Толочин ,54.416667,29.7
462,Гомельская,Тонеж ,51.83,27.7993
463,Витебская,Торбинка ,54.79774,29.42362
465,Минская,Трояново ,53.1962,26.9322
466,Брестская,Туловщина ,52.5409,24.6379
468,Брестская,Турки ,53.0584,26.2112
469,Витебская,Турково ,55.6208,28.0356
470,Брестская,Туховичи ,52.8135,25.9646
471,Брестская,Тышковичи ,52.355,25.6112
472,Брестская,Угляны ,52.4814,24.9596
473,Брестская,Уголец ,52.0226,27.0628
474,Гродненская,Угринь Большая,53.234722,24.978889
476,Витебская,Ульяновка ,55.2327,29.2337
477,Витебская,Урбаны ,55.695,26.9001
478,Минская,Уречье ,52.9482,27.8884
479,Могилевская,Фащевка ,54.1453,30.4974
480,Брестская,Федюки ,53.0681,26.1695
481,Витебская,Ферма ,55.34726,29.24156
482,Витебская,Филиппенки ,55.3417,29.7731
483,Минская,Фольварок ,52.70279,27.9142
486,Брестская,Хидры ,52.1529,24.3665
487,Гомельская,Хильчицы ,52.0307,27.6349
488,Гродненская,Ходевляны ,53.4509,25.3688
489,Минская,Хожово ,54.2428,26.8301
490,Брестская,Хоромск ,52.0259,27.1024
492,Могилевская,Хотьково ,54.300125,30.024292
494,Минская,Чановичи ,53.1511,26.7281
496,Витебская,Черея ,54.6107,29.2784
497,Гродненская,Черкесы ,54.011,25.962
498,Витебская,Черноручье ,55.0403,30.8283
499,Минская,Чижаха ,53.5768,28.9375
500,Минская,Шашки ,53.6203,26.6748
501,Витебская,Шевели ,55.1896,30.7466
502,Витебская,Шемели ,55.7984,27.1894
503,Могилевская,Шепелевичи ,54.1258,29.56
504,Минская,Шищицы ,53.2193,27.5458
505,Витебская,Шлюбовщина ,55.3922,28.4102
506,Брестская,Шоломичи ,52.0777,26.4234
507,Витебская,Шпаковщина ,55.4727,28.3257
508,Минская,Шуляки ,53.1106,27.4819
509,Минская,Энергетик ,53.5872,27.0563
510,Брестская,Ювсичи ,52.4926,23.5813
512,Минская,Юрковичи ,53.7908,26.9825
513,Витебская,Юрковщина ,54.8371,27.5517
514,Брестская,Юхновичи ,52.1067,25.7152
515,Брестская,Юшковичи ,53.2157,26.221
518,Минская,Языль ,52.9799,27.9688
519,Минская,Якуты ,53.822639,27.0075
520,Минская,Яловка ,53.5403,27.4242
522,Витебская,Янковичи ,55.7771,28.7829
523,Брестская,Яново ,53.1109,26.0729
527,Брестская,Старышево,52.4899,23.781
528,Брестская,Рачки,52.1728,23.9145
529,Витебская,Лапишки,55.11789,27.42531
530,Минская,Андриевщина,53.6381,26.9577
531,Витебская,Ильинцы,55.2473,29.5055
532,Витебская,Хадорино,55.4302,30.7839
534,Витебская,Ладосно,55.050700,28.891634
537,Витебская,Подрезы,54.9647,29.1518
538,Витебская,Заречье,54.5819,28.0967
541,Витебская,Лавреновка,54.5413,29.8501
543,Витебская,Кугони,55.1237,28.9826
545,Витебская,Валова Гора,54.806,28.444
546,Витебская,Лозы,55.1962,28.9107
547,Гродненская,Коты,54.3846,26.4609
548,Гродненская,Старая Рудня,54.621022,26.340931
549,Гродненская,Локачи,54.6059,26.6103
550,Гродненская,Студенец,54.4294,26.2473
551,Гродненская,Маркуны,54.7809,26.1836
552,Гродненская,Быстрица,54.7972,25.872
553,Гродненская,Чернушка,54.352,26.0848
554,Гродненская,Кольчуны,54.388,25.8661
556,Гродненская,Сороки,53.4908,24.8954
559,Гродненская,Старые Девятковичи,52.9514,25.1566
560,Гродненская,Погиры,53.535,25.3867
561,Брестская,Хриса,52.4272,25.3158
562,Брестская,Дывин,51.9548,24.5748
563,Брестская,Большие Чучевичы,52.5797,26.858
564,Брестская,Вулька-2,52.3825,26.956
565,Брестская,Мыслобож,52.9914,26.2505
566,Брестская,Совейки,52.9189,26.4118
567,Брестская,Ялово,52.5611,24.4462
568,Брестская,Редигерово,52.2878,27.1857
570,Минская,Палічын,52.5905,28.2595
571,Минская,Литвичи,54.6,27.8882
572,Минская,Войниловичи,53.186,26.6699
573,Минская,Сосенка,54.5115,27.2253
574,Гомельская,Степы,52.9268,29.6217
578,Гомельская,Светиловичи,52.7952,31.312
579,Гомельская,Юрковичи,52.6487,31.1064
580,Гомельская,Старое Закружье,52.629378,31.496847
581,Гомельская,Воробьевка,52.6622,31.2503
582,Гомельская,Омельное,52.6302,31.4643
585,Гомельская,Селянин,52.0697,29.0122
586,Гомельская,Казацкие Болсуны,52.9229,31.3486
587,Гомельская,Старое Село,52.524227,31.135302
588,Гомельская,Подкаменье,52.6439,31.4494
589,Гомельская,Полесье,53.1104,27.4483
590,Гомельская,Федоровка,52.849,31.1425
592,Гомельская,Габровка,52.817,31.2249
593,Гомельская,Ерёмино,52.511146,30.939631
595,Гомельская,Сивенка,52.5787,31.3525
597,Гомельская,Хальч,52.5613,31.1365
598,Гомельская,Красный угол,52.5954,31.2839
599,Гомельская,Шерстин,52.6536,31.0563
601,Гомельская,Бартоломеевка,52.6464,31.3325
602,Гомельская,Новины,52.6505,30.9159
604,Гомельская,Волосовичи,52.9969,31.1738
605,Брестская,Адамово,52.0517,25.2593
606,Минская,Бордиловка,53.7058,27.6811
607,Гродненская,Вайкунцы,54.0894,25.0897
608,Гродненская,Годуны,53.9189,24.1617
609,Брестская,Гошево,52.2902,25.2285
610,Минская,Гуменовщина,53.643482,26.685848
611,Гродненская,Заполье,53.4262,25.7477
612,Гродненская,Новоселки,52.5114,24.9634
613,Гродненская,Солишки,54.1109,25.0933
615,Минская,Рожан,52.765765,27.118539
616,Минская,Двор,54.3157,29.1309
617,Минская,Дунцы,52.738861,27.734344
618,Гомельская,Корма,53.1330,30.8033
619,Витебская,Карпино,55.8267,29.2665
620,Витебская,Скрипки,55.439,29.7832
621,Гродненская,Катеновичи,54.8091,26.0821
622,Гродненская,Лоси,54.8481,26.1967
623,Минская,Лешицы,53.7268,27.7632
624,Могилевская,Морозово Малое,54.3287,31.1257
625,Могилевская,Митьковичи,54.20577,29.61142
626,Витебская,Поддубцы,54.5119,30.406
627,Брестская,Паре,51.8955,26.135
628,Брестская,Пинковичи,52.138,26.1669
629,Гродненская,Пацуи,53.0487,24.0546
630,Витебская,Бегомль,54.734,28.06
631,Брестская,Старые Пески,52.5185,25.1971
632,Гомельская,Хомичи,52.3687,29.6409
633,Гродненская,Ясколды,53.0609,24.0239
635,Могилевская,Радча,54.2936,29.7812
636,Минская,Паличин,52.5905,28.2595
637,Гомельская,Княжабор'е,51.8,29.23333
638,Брестская,Анискавичы,52.1255,24.7145
639,Брестская,Олтуш,51.68873,23.9689
640,Брестская,Радеж,51.712,23.8208
641,Гомельская,Симоничи,51.8803,28.0854
642,Гродненская,Сморгонь,54.4773,26.4015
643,Могилевская,Судилы,53.5492,32.149
644,Могилевская,Добрая,54.1875,30.9465
645,Брестская,Гончары,52.173900,26.024200
646,Могилевская,Гришин,53.52762,32.10694
647,Могилевская,Родня,53.5143312,32.1361728
648,Могилевская,Старый Дедин,53.7631584,32.0841718
649,Могилевская,Недведь,53.5475427,32.1455942
650,Могилевская,Головенчицы,53.73585,30.82017
651,Могилевская,Устье,53.71902,30.80772
652,Могилевская,Новоселки,53.73645,30.79125
653,Могилевская,Копани,53.71551,30.73262
654,Могилевская,Каничи,53.29107,32.17269
655,Могилевская,Печоры,53.43278,32.22599
656,Могилевская,Новая Слобода,53.468673,31.0229614
657,Витебская,Канашы,55.49847,30.42003
659,Могилевская,Кісялёва Буда,53.7230,32.1259
660,Могилевская,Цітоўка,53.433,31.70
662,Брестская,Берёза г.,52.55,24.966667
663,Минская,Сутин,53.301111,28.230833
664,Минская,Логойск г.,54.2,27.85
665,Минская,Дукора,53.6725,27.958611
666,Минская,Демьяновка,53.3675,28.321111
667,Минская,Талька,,
668,Минская,Смиловичи,53.7485,28.009167
669,Гомельская,Студёная Гута,52.148889,31.011111
670,Минская,Октябрь,55.39782,27.41784
673,Гомельская,Бабичи,52.884722,31.18
675,Брестская,Баландичи,51.974500,25.513600
676,Гродненская,Бородичи,53.160300,24.777100
678,Гродненская,Нацково,53.352192,24.837241
679,Гродненская,Глядовичи,53.524000,24.116600
680,Гомельская,Хоромцы,52.683400,28.626100
682,Гомельская,Залесье,51.488700,30.359500
683,Брестская,Дубица,51.792200,23.677800
684,Гомельская,Морозовичи,52.672800,30.545500
685,Брестская,Межлесье,52.3864,25.0031
686,Брестская,Маличи,52.481865,24.702308
687,Гродненская,Грибовцы,53.340200,24.25400
688,Гомельская,Железники,52.756500,31.324000
689,Гомельская,Рудня Прибытковская,52.284700,31.134800
690,Гомельская,Старо-Высокое,51.769091,28.833414
691,Гомельская,Новая Рудня,51.664000,29.099900
692,Гомельская,Дуброва,51.769900,28.780900
693,Гомельская,Дяковичи,52.450000,28.019200
694,Гомельская,Малые Автюки,52.137000,29.518300
695,Гомельская,Барсуки,53.135400,30.708700
696,Брестская,Мазуры,52.286984,24.687470
697,Брестская,Кажан-Городок,52.206300,27.007400
698,Брестская,Синкевичи,52.216800,27.252700
699,Брестская,Малые Чучевичи,52.595100,26.891400
701,Брестская,Межлесье,52.401600,27.041400
703,Брестская,Подборечье,52.971807,26.190444
704,Гомельская,Прудок,52.056700,29.119700
705,Брестская,Хотислав,51.710100,24.096400
706,Гродненская,Стрельцы,53.4554,24.1878
707,Брестская,Выжловичи,52.183800,25.842500
708,Гомельская,Волосовичи,52.996900,31.173800
709,Гомельская,Акшинка,52.789700,31.186200
710,Гомельская,Амельное,52.630200,31.464300
712,Гомельская,Беседь,52.636900,31.198800
713,Гомельская,Борьба,52.598400,31.380700
714,Гомельская,Буда Жгунская,52.351600,31.252600
715,Гомельская,Будище,52.991200,31.308200
716,Минская,Большая Липа,53.246500,26.510900
717,Гомельская,Большие Немки,52.868700,31.317500
718,Гомельская,Городок,52.793100,31.507800
719,Гомельская,Гарысты,52.705400,31.275100
720,Гомельская,Гута,52.697400,31.228900
721,Гомельская,Добрич,53.062778,30.852778
722,Минская,Дукора,53.6725,27.958611
723,Гомельская,Казацкие Болсуны,52.922900,31.348600
725,Гомельская,Красная Буда,52.187900,31.494400
726,Гомельская,Литвиновичи,53.188700,30.861000
727,Гомельская,Лядо,52.709700,31.513600
728,Минская,Могильное,53.412400,26.986800
729,Гомельская,Новиловка,52.828500,31.111700
730,Гомельская,Неглюбка,52.765,31.523333
731,Гомельская,Нинэль,52.843200,31.248800
732,Гомельская,Новое Залядье,52.946100,31.368100
734,Гомельская,Перелевка,52.885200,31.406100
735,Гомельская,Присно,52.668800,30.979400
736,Минская,Рог,52.473000,27.823900
738,Гомельская,Столбун,52.793900,31.402500
741,Минская,Старая Слобода,54.114100,29.313600
742,Гомельская,Старые Малыничи,52.855700,30.892200
743,Минская,Узлы,54.720900,26.937500
744,Гомельская,Ухово,52.733333,31.060278
747,Гомельская,Яново,52.831500,31.498600
748,Витебская,Москаленята,55.514300,29.822000
749,Витебская,Вышедки,55.627200,30.147700
750,Витебская,Веречье,55.582100,30.377500
751,Витебская,Добея (Андреевская Слобода),55.248043,29.573574
752,Витебская,Польковичи,55.085700,29.518800
753,Витебская,Смешково,55.246700,29.562400
754,Гомельская,Каменка,53.186667,30.672222
755,Гомельская,Погост,52.066667,27.85
756,Гомельская,Старые Залютичи,52.406111,27.538722
757,Гомельская,Макановичи,52.145278,29.915
758,Гомельская,Старина,52.506944,30.235028
760,Гомельская,Протасы,52.781389,29.081944
761,Гомельская,Колпень,51.940833,30.6675
762,Гомельская,Малиновка,52.025667,30.457194
763,Гомельская,Мохов,52.000842,30.739403
764,Гомельская,Бывальки,51.848222,30.643222
765,Гомельская,Гажин,51.653056,29.2175
766,Гомельская,Санюки,51.842889,29.243667
767,Гомельская,Скароднае,51.633333,28.816667
768,Витебская,Сокорово,55.1037,29.1175
769,Витебская,Старое Лядно,54.9348,28.7644
770,Витебская,Глинщина,55.07,27.1999
771,Витебская,Окано,54.8109,28.5606
772,Витебская,Мамоли,55.9446,29.291
773,Витебская,Боброво,55.0177,28.9901
774,Витебская,Задоры,55.0534,28.8529
775,Витебская,Стенка,54.9537,27.9057
776,Витебская,Сталюги,54.7117,28.6254
777,Витебская,Шо,55.1774,28.2432
778,Витебская,Слободка,54.7287,29.0897
779,Витебская,Сураж,55.4082,30.7208
780,Витебская,Бригитполе,55.4347,30.7613
781,Могилевская,Паршино,54.2352,31.0595
782,Витебская,Жавнино,55.0581,28.4016
783,Витебская,Пола,55.1338,29.0502
785,Витебская,Михалиново,55.051148,30.68899
786,Витебская,Пнево,55.103,30.83
787,Витебская,Бураки,55.2447,30.8405
788,Витебская,Прудники,55.423348,29.995662
789,Витебская,Станиславово,54.5379,30.6776
790,Брестская,Каменюки,52.528533,23.809447
791,Минская,Октябрь,52.852778,27.264444
792,Витебская,Богданово,54.858145,29.650026
793,Витебская,Раков Застенок,54.735227,29.737473
794,Витебская,Городец,54.853152,29.580364
795,Витебская,Тростянка,54.338328,29.4334139
796,Гомельская,Хомячки,51.999161,29.051666
797,Витебская,Дольдево,54.80675,29.4546
798,Гродненская,Мешетники,53.50677,24.21473
799,Минская,Краменец,54.366667,27.516667
802,Брестская,Лисичицы,52.4629,25.2139
803,Гродненская,Задворье,53.279444,25.304889
804,Гродненская,Задворье,53.177028,25.265111
805,Гомельская,Крупец,52.33,31.358333
806,Могилевская,Таклевка,53.533333,32.383333
807,Могилевская,Мышевое,53.1334,32.03519
808,Брестская,Мочуль,52.016667,27.35
809,Гродненская,Руда Яворская,53.4,25.116667
810,Гродненская,Куриловичи,53.35666,24.875407
811,Витебская,Слобода,55.116085,29.694489
812,Гродненская,Мотивцы,53.6725,24.7834
813,Гродненская,Бердовичи,53.160278,25.104444
814,Гродненская,Алехновичи,53.53900,25.28980
815,Гродненская,Струбница,53.3132,24.5939
816,Гродненская,Тальковцы,53.15752,24.19421
818,Гродненская,Сугаки,53.3471,24.2143
819,Брестская,Аранчицы,52.4629,24.5338
820,Минская,Замки,54.386129,29.288611
821,Минская,Баяничи,52.7169,28.2855
823,Гомельская,Рассвет,52.3873,31.305
824,Брестская,Дягильцы,52.532056,24.959203
825,Минская,Дукорщина,53.721667,27.968889
826,Гомельская,Велецин,51.859594,30.101017
827,Витебская,Круки,55.6727,26.8944
828,Минская,Яново,52.769874,28.281093
829,Гродненская,Куколки,53.1497,24.1388
830,Гродненская,Волковыск г.,53.1667,24.4667
831,Минская,Таль,52.854100,27.950200
832,Гомельская,Чыкалавічы,51.416667,30.383333
833,Гомельская,Хізаў,53.097222,30.615278
834,Минская,Ухвала,54.105300,29.210900
835,Гомельская,Деражичи,51.782900,30.622200
836,Витебская,Ёдлавічы,55.558857,26.92868
837,Витебская,Краснасельцы,55.6416,26.9917
838,Витебская,Опса,55.538889,26.825556
839,Витебская,Якавічы,55.5458,26.8135
840,Минская,Панішэўшчына,54.110367,27.7237008
841,Минская,Моладзі,54.2472,27.9831
842,Минская,Акалова,54.4928,27.8521
843,Брестская,Заполле,53.2009,26.029614
844,Брестская,Цешэўле,53.229416,25.81622
845,Брестская,Вулька Целеханаўская,52.539057,25.879483
846,Брестская,Соміно,52.5346,25.9209
847,Брестская,Косава г.,52.7593,25.1452
848,Минская,Красевічы,53.7337,28.0468
849,Минская,Ялча,53.7783,28.268
850,Гродненская,Ярутичы,52.9063,25.1133
851,Гродненская,Смоўжы,52.9584,24.9763
852,Гродненская,Станішы,54.185329,25.412468
853,Гродненская,Рамашканцы,54.1559,25.3957
854,Гродненская,Пелясы,53.9549,24.9709
855,Брестская,Махро,51.9747,25.5618
856,Брестская,Сігневічы,52.4344,24.8986
857,Минская,Навасады,54.1944,28.8329
858,Минская,Васілеўшчына,53.9087,29.3845
859,Минская,Кіршы,54.0048,27.2427
860,Витебская,Ігналіна,56.0758,28.2383
861,Витебская,Замошье,55.105900,27.849900
862,Витебская,Літоўцы,54.9856,27.7451
863,Брестская,Сіманавічы,52.2780,25.1269
864,Гродненская,Хвецавічы,54.4251,26.2864
865,Минская,Цеснавая,53.8185,26.6976
866,Минская,Столбцы г.,53.483333,26.733333
867,Могилевская,Быхов г.,53.52611,30.235833
871,Брестская,Пружаны г.,52.556758,24.464642
872,Гомельская,Дарашэвічы,52.117306,28.213111
873,Минская,Мозоли,52.888400,27.278600
874,Гродненская,Слонім г.,53.08333,25.316667
875,Брестская,Заболотье,52.0575,23.854444
876,Брестская,Кончицы,52.063708,25.800106
877,Брестская,Мокраны,51.83375,24.26494
878,Могилевская,Задарожжа,54.3214,31.0117
879,Минская,Дубіна,54.1745,26.5385
880,Минская,Юшковка,54.66816,27.38471
881,Брестская,Пинск г.,52.116667,26.083333
882,Гомельская,Сторожевцы,52.029806,27.778917
883,Минская,Любань,54.59441,26.8717
884,Витебская,Канашкава,55.07607,30.62839
885,Минская,Жасциное,54.5172,27.8296
886,Витебская,Марцеболино,55.54405,26.95500
887,Гомельская,Бобовка,52.9027,30.2115
888,Гомельская,Корма,52.3447,31.5119
889,Гомельская,Старая Дуброва,52.6610,28.8744
890,Гомельская,Ляховичи,52.3809,27.9092
891,Гомельская,Гомель г., 52.4376,30.9758
892,Гомельская,Глиница,52.0577,28.6125
893,Гомельская,Болотня,53.2107,30.6094
894,Гомельская,Вонюжичи,52.3884,28.5983
895,Гомельская,Лядцы,52.10132,31.11535
896,Брестская,Любейки,52.88414,26.01969
897,Брестская,Липск,52.8354,26.0916
898,Брестская,Залужжа,52.8135,26.0443
899,Брестская,Залипенье,52.8405,26.1180
900,Гомельская,Большевик,52.5635,30.8762
901,Гомельская,Головинцы,52.4031,31.1377
902,Гомельская,Поколюбичы,52.4994,31.0331
903,Минская,Зелёный Бор,54.0137,28.4804
904,Гродненская,Залески,53.446472,24.280528
906,Гомельская,Лубенікі,51.94053,30.3229
907,Гомельская,Камарын г.п.,51.4388,30.5651
908,Минская,Паплавы,53.80623,28.87091
909,Минская,Саланая,54.06181,26.57698
910,Минская,Рыбчына,54.487756,27.136815
911,Витебская,Лётцы Вялікія,55.20445,29.93342
912,Гомельская,Дзям’янкі,52.5344,31.4765
913,Гомельская,Бярэжцы,51.9929,27.6474
914,Гомельская,Дварэц,52.07200,27.75145
915,Гомельская,Запясочча,52.0750,27.7069
916,Гомельская,Хачэнь,52.02489,27.74567
917,Гомельская,Тураў г.,52.0675,27.7374
918,Гомельская,М. Малешава,52.086229,27.539176
919,Гомельская,Пуговічі,52.375663,27.965956
920,Могилевская,Высокі Бор,53.34139,31.61378
921,Могилевская,Губенщизна,53.71403,31.43252
922,Витебская,Лепель г.,54.8863166,28.6858941
923,Гомельская,Чаплін,52.13382,30.66267
924,Брестская,Дарава,53.10813,26.16642
925,Брестская,Зарытава,53.0869,26.4503
926,Могилевская,Слаўнае,54.09549,31.36564
927,Минская,Нясвіж г.п.,53.2191,26.6791
928,Брестская,Ботава,52.34313,26.31277
929,Витебская,Партызаны,54.82102,29.47809
930,Витебская,Чуцькі,54.7143,29.7765
931,Витебская,Вялікі Азярэцк,54.7769,29.4617
932,Витебская,Заазер’е,54.80376,29.57283
933,Витебская,Митюково,54.67085,29.97410
936,Брестская,Луткі,52.0285,27.5917
937,Брестская,Сямігосцічы,52.094080,27.425650
938,Брестская,Хотамель,51.9482,27.0502
939,Брестская,Альшаны,52.0766,27.3406
940,Брестская,Рухча,51.9929,26.6223
941,Брестская,Кастрова,51.98616,26.54892
942,Минская,Рудня Астравітая,53.72971,28.27244
943,Витебская,Шаркаўшчына г.п.,55.3683555,27.4649402
944,Витебская,Мишневичи,55.4414,29.5965
945,Витебская,Роўнае,55.48994,29.36257
946,Могилевская,Красная Горка,53.96124,31.81158
947,Гомельская,Балсуны,53.06811,31.28990
948,Минская,Навасёлкі,53.846861,29.058472
949,Гомельская,Прыбор,52.409739,30.762704
950,Могилевская,Бялынічы,53.9936,29.7081
956,Брестская,Амяліна,52.22930,23.78011
957,Брестская,Заказанка,51.9701,23.6837
958,Брестская,Прылукі,51.9877,23.7018
959,Брестская,Сабалі,52.4130,24.8295
960,Брестская,Ціхны,52.4989,24.8898
961,Брестская,Бусні,52.1442,24.1168
962,Брестская,Доўгая,52.52944,25.72841
963,Брестская,Квасевічы,52.7525,25.0696
964,Брестская,Пяркі,52.1832,24.1974
965,Брестская,Камень,52.3206,26.3821
966,Брестская,Сушыцк,52.1764,26.3157
967,Брестская,Смаляніца,52.7057,24.6383
968,Брестская,Відзібар,51.9870,26.7660
969,Брестская,Струга,51.8504,26.8914
970,Брестская,В. Малешава,52.0693,27.5072
971,Брестская,Баландичи,51.9748,25.5092
972,Брестская,Кривица, 52.25036,25.47449
973,Брестская,Корсынь,51.96989,25.30681
974,Минская,Красное,54.27514,27.04128
975,Минская,Утеха,54.60636,28.62687
976,Минская,Лысая Гора,53.757000,28.32590
977,Минская,Бобр,54.3190,29.2642
978,Минская,Лошанцы,54.3779,28.9958
979,Гомельская,Макановичи,52.1416,29.9158
980,Гомельская,Заспа,52.25727,30.49848
981,Гомельская,Свиридовичи,52.21294,30.46687
982,Гомельская,Василевичи,52.2421,29.8327
983,Минская,Колки,52.8335,26.9234
984,Минская,Малева,53.1991,26.5713
985,Минская,Малевщина,53.329236,26.518467
986,Гомельская,Малиновка,52.0231,30.4591
987,Гомельская,Усохская Буда,52.13655,31.53293
988,Гомельская,Плутовка (Красный Партизан,52.2452,31.6752
989,Гомельская,Карма,52.3454,31.5124
990,Гомельская,Ленина,52.172714,31.674953
994,Гомельская,Адамовка,52.23591,30.45643
995,Брестская,Бастынь,52.3942,26.7572
996,Гомельская,Жуки,51.7366,28.9603
997,Гомельская,Загатье,51.7608,28.9066
998,Брестская,Заозёрная,51.67708,23.92069
999,Гомельская,Избынь,52.1117,30.0131
1000,Гомельская,Луки,52.47792,28.01520
1001,Гомельская,Лутовье,52.47783,28.01518
1002,Брестская,Осовая,51.8340,24.2161
1003,Брестская,Рубель,51.9748,27.0643
1011,Гомельская,Баршчоўка,52.216667,31.566667
1012,Могилевская,Запрудье,54.2739,31.1893
1013,Могилевская,Коровчино,54.0478,30.8271
1015,Могилевская,Лабковічы,53.8313,31.7509
1016,Могилевская,Касцюшкавічы,53.69993,31.58722
1017,Могилевская,Сакольнічы,53.6638,31.6631
1018,Могилевская,Ходасы,53.9298,31.4842
1019,Могилевская,Ліпаўка,53.4153,32.6996
1020,Могилевская,Речица,53.6277,31.5419
1021,Могилевская,Вусце,53.6072,31.5372
1022,Витебская,Антоново,55.3113,27.4301
1023,Могилевская,Удога,53.6738,31.3850
1024,Могилевская,Норки,53.71015,31.30892
1026,Минская,Тройчаны,52.7693,28.3408
1027,Гродненская,Докудово,53.80817,25.51148
1028,Минская,Зубки,53.0792,26.7553
1029,Брестская,Заказанка,51.96992,23.68345
1030,Витебская,Зароново,55.30092,29.89090
1031,Минская,Междуречье,53.98738,26.94672
1032,Гомельская,Брагін г.,51.7884,30.2654
1033,Витебская,Кашталяновщина,55.22133,27.63901
1034,Минская,Мясота,54.28515,27.04391
1035,Минская,Колодино,54.78295,26.79042
1036,Витебская,Вятеро,54.73266,29.39409
1037,Витебская,Камень,55.0155,28.8868
1038,Витебская,Ула,55.22457,29.24151
1039,Гомельская,Глинище,51.9359,29.6619
1040,Минская,Слобода,54.71124,27.57121
1041,Гомельская,Селец,51.8258,30.3303
1042,Гомельская,Заречье,51.7764,30.3660
1043,Минская,Межная Слобода,52.9408,26.5852
1044,Минская,Черемшицы,54.7799,26.8352
1045,Брестская,Хомск,52.33217,25.22435
1046,Брестская,Лядавічы,52.31824,25.39506
1047,Брестская,Корачын,52.5585,25.3406
1048,Брестская,Варанілавічы,52.8081,24.9336
1049,Витебская,Берешево,55.0144,29.8185
1050,Гомельская,Дублин,51.73430,30.32565
1051,Гомельская,Жиличи,51.69670,30.53712
1052,Минская,Любовши,54.67716,26.88532
1053,Гомельская,Колыбань,51.4702,30.3867
1054,Гомельская,Ивановка,52.6564,30.4560
1055,Минская,Сергеевичи,53.49602,27.74987
1056,Витебская,Бочейково,55.0170,29.1495
1057,Витебская,Межево,54.6230,30.3084
1058,Гомельская,Стрешин,52.7306,30.1048
1059,Гомельская,Завидовка,52.1647,31.7603
1060,Витебская,Новые Волосовичи,54.759,28.8435
1061,Брестская,Старое Роматово,51.8968,23.9746
1062,Брестская,Новое Роматово,51.90585,23.99755
1063,Могилевская,Дашковка,53.7356,30.2607
1064,Могилевская,Кныши,53.01640,28.78506
1065,Могилевская,Горы,54.26660,31.20477
1066,Могилевская,Паршино,54.2355,31.0568
1067,Могилевская,Сава,54.36405,30.81556
1068,Могилевская,Большие Шарипы,54.37201,30.89380
1069,Могилевская,Поташи,54.42596,30.91993
1071,Могилевская,Заровье (Городец),54.21183,30.41108
1072,Могилевская,Кривель,54.14796,30.41351
1074,Могилевская,Ржавцы,54.23985,30.30869
1075,Гомельская,Грабье,52.5597,29.0098
1076,Могилевская,Паршино,54.2357,31.0565
1078,Минская,Саска Липка, 53.2300,26.5801
1079,Могилевская,Мушино,53.9164,31.6349
1080,Могилевская,Черный Бор,53.63233,29.98015
1081,Могилевская,Хутор,53.5359,30.1595
1082,Могилевская,Вьюн,53.4651,30.0481
1083,Могилевская,Быново,53.6669,30.4784
1085,Витебская,Макаранки,55.11122,30.97711
1086,Витебская,Перевоз,55.92484,29.39883
1087,Витебская,Заборье,55.9169,29.3174
1088,Гомельская,Круговка,52.5726,31.5522
1089,Гомельская,Лески,52.62341,28.91443
1090,Гомельская,Михалевка,51.5113,30.2641
1097,Витебская,Морозовка,54.77951,29.79405
1099,Витебская,Большой Озерецк,54.7764,29.4645
1101,Гомельская,Карловка,51.4110,30.5136
1102,Гомельская,Бурки,51.8087,30.1804
1103,Гомельская,Дубровное,51.79780,30.10639
1104,Гомельская,Острогляды,51.783181,30.1419082
1105,Гомельская,Новая Гута,52.72081,30.85399
1106,Гомельская,Посудово,51.4542,30.3205
1107,Гомельская,Моложин,51.7409002,30.5079306
1108,Гомельская,Городок,52.0600,30.7148
1109,Гомельская,Ястребовка,52.0168,30.5315
1110,Гомельская,Димамерки,51.8517,30.4773
1111,Гомельская,Гадичево,52.1028617,31.1986245
1112,Гомельская,Дерновичи,51.6046,29.7318
1113,Гомельская,Красное,52.4707,30.9240
1115,Гомельская,Маковье,52.1572,31.2560
1116,Гомельская,Марковичи,52.11573,31.20692
1117,Гомельская,Круговец,52.1706308,31.6892142
1120,Гомельская,Вулкан,52.01262,30.45967
1121,Гомельская,Дуброва,52.4175,29.9578
1122,Гомельская,Защебье,52.1772,29.8762
1123,Гомельская,Лиски,52.3127,30.1032
1124,Гомельская,Короватичи,52.2348,30.1087
1125,Гомельская,Андреевка,52.19115,30.29366
1126,Гомельская,Красная Дуброва,52.27673,30.08147
1127,Гомельская,Ровенская Слобода,52.2284,30.3168
1128,Гомельская,Демяхи,52.32712,30.20290
1129,Гомельская,Будка,52.25429,30.19406
1131,Гомельская,Носовичи,52.2775,31.273611
1132,Гомельская,Крупейки,51.91484,30.72728
1133,Гомельская,Сосновка,52.36990,30.84142
1135,Гомельская,Копоткевичи,52.3149,28.8074
1136,Могилевская,Машковка,54.1404,30.9061
1137,Минская,Новоселки,53.51817,28.09705
1138,Гродненская,Лаша,53.4761,23.9761
1141,Могилевская,Быхов,53.526111,30.235833
1142,Брестская,Андроново, 52.2432,24.2992
1143,Брестская,Лисятичи,52.23634,25.95624
1144,Брестская,Лопатин, 52.0190,26.3294
1145,Гомельская,Дорошевичи,52.11682,28.21465
1147,Брестская,Муховец,52.033333,23.8
1148,Витебская,Шумилино,55.2959,29.6125
1149,Витебская,Копысь,54.3214,30.2919
1150,Гомельская,Старые Юрковичи,51.7166,30.3713
1151,Витебская,Заезвіна,55.09432,29.19307
1152,Минская,Лебедзева,54.31243,26.70888
1153,Гомельская,Хваенск,52.04982,27.92777
1154,Гомельская,Перароўскі Млынок,52.0516,28.0535
1155,Гомельская,Азяраны,52.0364,27.8505
1191,Витебская,Ситно,54.81791,30.65558
1192,Витебская,Сялішча,55.21395,30.83451
1193,Гродненская,Любанічы,53.48509,26.15093
1194,Гомельская,Красноўка,51.4552,29.3541
1195,Минская,Гольчычы,53.14124,27.65808
1196,Минская,Бытча,54.3076,28.4058
1197,Могилевская,Галоўчын,54.0579,29.9184
1206,Брестская,Лелікава,51.9187,24.7154
1207,Брестская,Рыбна,52.17330,24.46426
1208,Гродненская,Шутавічы,54.4322,26.4355
1209,Витебская,Цешылава,55.0798,27.0236
1243,Гродненская,Шылавічы,53.1691,24.2433
1244,Гомельская,Кононовщина,51.94462,30.19998
1247,Гродненская,Літвінкі,53.46651,24.02905
1248,Витебская,Язна,55.4202,28.1595
1249,Брестская,Альшэва,52.47321,25.19683
1250,Брестская,Бармуты,52.46226,24.81083
1251,Брестская,Вайцяшын,52.5092,25.1691
1252,Брестская,Дзягелец,52.4583,24.9707
1253,Брестская,Здзітава,52.4767,25.0011
1254,Брестская,Мар'янова,52.45959,24.93743
1255,Брестская,Мастыкі,52.3794,25.1633
1256,Брестская,Мормажава,52.58070,24.99061
1257,Брестская,Панасавічы,52.61271,24.72976
1258,Брестская,Равяцічы,52.4385,24.8433
1259,Брестская,Савіно,52.4991,25.0647
1260,Брестская,Стрыгінь,52.4942,25.0384
1261,Брестская,Сялец,52.5868,24.8659
1262,Брестская,Ярцавічы,52.4829,25.1590
1263,Брестская,Заверша,52.2831,25.3675
1264,Брестская,Закляценне,52.3013,25.2918
1265,Брестская,Сукачы,52.26394,24.87261
1266,Брестская,Гошчава,52.6903,25.2133
1267,Брестская,Стайкі,52.7062,25.2898
1268,Гомельская,Шарпілаўка,52.1179,30.9270
1269,Витебская,Галубічы,55.1117,27.9663
1274,Гродненская,Каралін,53.0782,24.8873
1275,Брестская,Падгорная,52.9866,25.5755
1276,Брестская,Коўбавічы,52.94395,25.60671
1277,Брестская,Плехаўшчына,52.5638,24.8201
1278,Витебская,Данькі,55.76967,27.13597
1279,Витебская,Адворня,55.24376,28.79167
1280,Витебская,Акуліна,55.2284,28.9008
1281,Витебская,Маставуха,54.967578,28.026422
1282,Витебская,Мядзьвёдаўка,54.88327,28.46486
1283,Витебская,Воўсішча,54.73884,29.59916
1284,Витебская,Мелихово,54.94895,29.79089
1285,Гомельская,Переростъ,52.30317,31.47183
1286,Гомельская,Людзвін,51.85840,29.94087
1287,Гродненская,Усялюб,53.7209,25.7985
1289,Гродненская,Кастровічы,53.2041,25.1437
1291,Гродненская,Навагрудак,53.5953,25.8231
1292,Гродненская,Studerowszczyzna,53.3179,25.6974
1294,Гродненская,Кусенцы,52.96062,24.37806
1296,Гродненская,Мсцібава,53.1133,24.2562
1297,Гродненская,Ганевічы,52.9385,24.3646
1298,Гродненская,Зэльва,53.1530,24.8097
1299,Гродненская,Сабалькі,52.86282,24.52874
1300,Брестская,Лыскава,52.8540,24.6144
1301,Минская,Барысаў,54.2219,28.5076
1302,Минская,Навасёлкі,53.8481,29.0623
1304,Брестская,Бучча,52.7541,26.8431
1305,Минская,Мінск,53.8963,27.5462
1309,Могилевская,Гіжэнка,53.570833,31.053333
1310,Могилевская,Ржаўка,53.3941,30.7985
1311,Могилевская,Істопкі,53.31923,30.25169
1312,Гомельская,Бяляеўка,52.9620,31.0167
1313,Витебская,Мосар,55.2280,27.4640
1315,Могилевская,Журавель,53.5172,31.2965
1316,Могилевская,Заходы,54.0403,30.4530
1317,Могилевская,Шароеўка,53.6339,31.2982
1318,Минская,Валожын,54.0848,26.5294
1319,Гродненская,Мураваная Ашмянка,54.457778,25.778611
